URL,Last crawled
http://racketreviewhub.com/rackets/head-bolt-white-grey,2026-02-21
http://racketreviewhub.com/rackets/enebe-suburban-red-12k,2026-02-21
http://racketreviewhub.com/rackets/babolat-viper-2-6-pala?lang=fr,2026-02-21
http://racketreviewhub.com/rackets/enebe-rs-8-1-silver-padel-racket?lang=it,2026-02-21
http://racketreviewhub.com/rackets/wilson-optix-v2-power-blue?lang=fr,2026-02-21
http://racketreviewhub.com/rackets/black-crown-rebel,2026-02-21
http://racketreviewhub.com/rackets/dunlop-impact-carbon-pro-ltd-woman?lang=fr,2026-02-21
http://racketreviewhub.com/rackets/babolat-veron-2-6-pala?lang=it,2026-02-21
http://racketreviewhub.com/rackets/head-vibe-green-orange?lang=fr,2026-02-21
http://racketreviewhub.com/rackets/adidas-pickleball-essnova-carbon-attk?lang=it,2026-02-21
http://racketreviewhub.com/rackets/dunlop-blue-tsunami?lang=es,2026-02-21
http://racketreviewhub.com/rackets/babolat-lamborghini-white?lang=es,2026-02-21
http://racketreviewhub.com/rackets/enebe-massive-yellow?lang=fr,2026-02-21
http://racketreviewhub.com/rackets/bullpadel-vertex-advance?lang=it,2026-02-21
http://racketreviewhub.com/rackets/just-ten-colors-black-k-evolution-pala?lang=es,2026-02-21
http://racketreviewhub.com/rackets/starvie-star-vie-metheora-warrior?lang=it,2026-02-21
http://racketreviewhub.com/rackets/bullpadel-hack-04-hybrid-cloud?lang=fr,2026-02-21
http://racketreviewhub.com/rackets/wilson-optix-v2-power-pala?lang=fr,2026-02-21
http://racketreviewhub.com/rackets/vibor-a-boa-advance-22?lang=es,2026-02-21
http://racketreviewhub.com/rackets/head-vibe-blue-yellow,2026-02-21
http://racketreviewhub.com/rackets/bullpadel-hack-02-advance,2026-02-21
http://racketreviewhub.com/rackets/enebe-rs-8-1-silver-padel-racket?lang=es,2026-02-21
http://racketreviewhub.com/rackets/head-coello-special-packaging?lang=es,2026-02-21
http://racketreviewhub.com/rackets/enebe-suburban-silver-3k?lang=fr,2026-02-21
http://racketreviewhub.com/rackets/wilson-endure-v1?lang=es,2026-02-21
http://racketreviewhub.com/rackets/royal-padel-36-aniversario-polietileno?lang=fr,2026-02-21
http://racketreviewhub.com/rackets/enebe-suburban-red-12k?lang=es,2026-02-21
http://racketreviewhub.com/rackets/softee-multisport,2026-02-21
http://racketreviewhub.com/rackets/babolat-vertuo-2-6-pala?lang=es,2026-02-21
http://racketreviewhub.com/rackets/siux-beat-kid?lang=es,2026-02-21
http://racketreviewhub.com/rackets/black-crown-rebel?lang=fr,2026-02-21
http://racketreviewhub.com/rackets/dunlop-titan-2-0-yellow-yellow-blue?lang=it,2026-02-21
http://racketreviewhub.com/rackets/enebe-suburban-green-12k?lang=es,2026-02-21
http://racketreviewhub.com/rackets/babolat-lamborghini-white?lang=it,2026-02-21
http://racketreviewhub.com/rackets/black-crown-rebel?lang=it,2026-02-21
http://racketreviewhub.com/rackets/enebe-space-2-0?lang=es,2026-02-21
http://racketreviewhub.com/rackets/royal-padel-japan-r?lang=it,2026-02-21
http://racketreviewhub.com/rackets/enebe-space-2-0,2026-02-21
http://racketreviewhub.com/rackets/enebe-suburban-silver-3k?lang=es,2026-02-21
http://racketreviewhub.com/rackets/enebe-massive-yellow?lang=it,2026-02-21
http://racketreviewhub.com/rackets/wilson-endure-ls-v1?lang=fr,2026-02-21
http://racketreviewhub.com/rackets/adidas-arrow-hit-hexagon?lang=fr,2026-02-21
http://racketreviewhub.com/rackets/enebe-massive-yellow?lang=es,2026-02-21
http://racketreviewhub.com/rackets/head-extreme-pro?lang=fr,2026-02-21
http://racketreviewhub.com/rackets/legend-stealth-x?lang=fr,2026-02-21
http://racketreviewhub.com/rackets/bullpadel-vertex-w-cloud?lang=fr,2026-02-21
http://racketreviewhub.com/rackets/adidas-pickleball-essnova-carbon-ctrl-hd?lang=es,2026-02-21
http://racketreviewhub.com/rackets/softee-ranger-junior?lang=fr,2026-02-21
http://racketreviewhub.com/rackets/enebe-rs-9-1-blue-2024?lang=it,2026-02-21
http://racketreviewhub.com/rackets/wilson-bela-pro-v2?lang=es,2026-02-21
http://racketreviewhub.com/rackets/lok-jungle?lang=it,2026-02-21
http://racketreviewhub.com/rackets/starvie-titania-pala?lang=it,2026-02-20
http://racketreviewhub.com/rackets/starvie-titania-pala?lang=es,2026-02-20
http://racketreviewhub.com/rackets/adidas-pickleball-adipower-ctrl?lang=it,2026-02-20
https://racketreviewhub.com/rackets/lok-lok-carb-on-flow-2024?lang=es,2026-02-20
http://racketreviewhub.com/rackets/siux-beat-kid,2026-02-20
https://racketreviewhub.com/rackets/prince-prince-rocket-padel-racket,2026-02-18
https://racketreviewhub.com/rackets/kombat-kombat-ia-63-pampa?lang=pt,2026-02-18
http://racketreviewhub.com/rackets/starvie-astrum-pala,2026-02-17
http://racketreviewhub.com/rackets/kombat-etna,2026-02-15
http://racketreviewhub.com/rackets/bullpadel-pearl-gonz-lez?lang=pt,2026-02-12
http://racketreviewhub.com/,2026-02-10
http://racketreviewhub.com/rackets/salming-hero-s21-attack-padel-racket?lang=pt,2026-02-09
http://racketreviewhub.com/rackets/lok-carbon-flow-2?lang=es,2026-02-09
http://racketreviewhub.com/rackets/vibor-a-black-mamba-lite-3k-2-0-2025?lang=fr,2026-02-07
http://racketreviewhub.com/rackets/adidas-drive-3-3-blue?lang=it,2026-02-07
http://racketreviewhub.com/rackets/vibor-a-vibora-a-yarara-elite-24k-2-0-2025?lang=pt,2026-02-07
http://racketreviewhub.com/blog/maximizing-power-with-your-padel-racket-technique-meets-equipment?lang=fr,2026-02-07
http://racketreviewhub.com/rackets/adidas-metalbone-hrd-galan?lang=pt,2026-02-07
http://racketreviewhub.com/rackets/starvie-brava-mate?lang=pt,2026-02-07
http://racketreviewhub.com/rackets/adidas-pickleball-adipower-ctrl-3?lang=pt,2026-02-07
http://racketreviewhub.com/rackets/bullpadel-vertex-x?lang=pt,2026-02-07
http://racketreviewhub.com/rackets/nox-quantum-cobalt-12k,2026-02-07
http://racketreviewhub.com/rackets/starvie-astrum-pala?lang=fr,2026-02-07
http://racketreviewhub.com/rackets/vibor-a-vibor-a-titan-black-light?lang=es,2026-02-02
http://racketreviewhub.com/rackets/head-extreme-pala?lang=it,2026-02-02
http://racketreviewhub.com/rackets/bullpadel-kitter-blue?lang=it,2026-02-01
http://racketreviewhub.com/rackets/dunlop-dunlop-impact-carbon-pro-ltd-woman,2026-02-01
http://racketreviewhub.com/rackets/adidas-adidas-adipower-multiweight-ctrl-3-4-2025?lang=es,2026-02-01
http://racketreviewhub.com/rackets/vibor-a-black-mamba-junior-green-sft-2023?lang=fr,2026-02-01
http://racketreviewhub.com/brands/adidas?lang=es,2026-02-01
http://racketreviewhub.com/rackets/bullpadel-bullpadel-elite-light-w-women-2023?lang=fr,2026-02-01
http://racketreviewhub.com/rackets/siux-viking-iv,2026-02-01
http://racketreviewhub.com/rackets/vibor-a-black-mamba-classic-edition-2022?lang=es,2026-02-01
http://racketreviewhub.com/rackets/siux-siux-gea?lang=fr,2026-02-01
http://racketreviewhub.com/rackets/enebe-enebe-combat-7-1-v-2-2025?lang=fr,2026-02-01
http://racketreviewhub.com/rackets/dunlop-dunlop-impact-hl-red-623990-ofp-padel-racket?lang=es,2026-02-01
http://racketreviewhub.com/rackets/dunlop-dunlop-impact-carbon-pro-ltd-woman?lang=it,2026-02-01
http://racketreviewhub.com/rackets/nox-nox-tl10-quantum-12k-by-tino-libaak-2025?lang=fr,2026-02-01
http://racketreviewhub.com/rackets/drop-shot-drop-shot-axion-attack-2024?lang=it,2026-02-01
http://racketreviewhub.com/rackets/nox-nox-vk10-by-aranzazu-osoro-2024?lang=it,2026-01-31
http://racketreviewhub.com/rackets/nox-nox-at10-genius-18k-gloss-by-agustin-tapia-ex?lang=it,2026-01-31
http://racketreviewhub.com/rackets/nox-at10-genius-attack-12k-alum-xtreme?lang=es,2026-01-31
http://racketreviewhub.com/rackets/lok-lok-jungle?lang=it,2026-01-31
http://racketreviewhub.com/rackets/head-extreme-pala,2026-01-31
http://racketreviewhub.com/rackets/siux-sx7-air?lang=fr,2026-01-31
http://racketreviewhub.com/rackets/royal-padel-royal-padel-rp-779-whip-eva-2024?lang=it,2026-01-31
http://racketreviewhub.com/rackets/vibor-a-vibora-a-yarara-pro-white-2025?lang=es,2026-01-31
http://racketreviewhub.com/rackets/wilson-bela-junior?lang=es,2026-01-31
http://racketreviewhub.com/rackets/dunlop-dunlop-impact-pro-hl-green-623914-ofp-padel-racket?lang=it,2026-01-31
http://racketreviewhub.com/rackets/enebe-enebe-aerox-7-1-v-2-2025?lang=es,2026-01-31
http://racketreviewhub.com/rackets/vibor-a-yarar-xtreme-fiber-black?lang=fr,2026-01-31
http://racketreviewhub.com/rackets/royal-padel-royal-padel-rp-779-whip-eva-2024?lang=es,2026-01-31
http://racketreviewhub.com/rackets/drop-shot-drop-shot-canyon-pro-control-1-0-2025?lang=pt,2026-01-31
http://racketreviewhub.com/rackets/siux-beat-hybrid,2026-01-31
http://racketreviewhub.com/rackets/adidas-match-light-3-2?lang=pt,2026-01-31
http://racketreviewhub.com/rackets/nox-nox-at10-pro-cup-hard-by-agustin-tapia?lang=es,2026-01-31
http://racketreviewhub.com/rackets/royal-padel-royal-padel-35-aniversario-light-2025?lang=pt,2026-01-31
http://racketreviewhub.com/rackets/adidas-adidas-match-light-3-3-2024?lang=it,2026-01-31
http://racketreviewhub.com/rackets/vibor-a-junior-purple-vibor-a-naya-2023?lang=it,2026-01-31
http://racketreviewhub.com/rackets/head-radical-motion,2026-01-31
http://racketreviewhub.com/rackets/siux-infernal?lang=fr,2026-01-31
http://racketreviewhub.com/rackets/vibor-a-vibora-a-yarara-elite-24k-2-0-2025?lang=es,2026-01-30
http://racketreviewhub.com/rackets/siux-tsunami-revolution?lang=fr,2026-01-30
http://racketreviewhub.com/rackets/drop-shot-drop-shot-canyon-pro-attack-1-5?lang=es,2026-01-30
http://racketreviewhub.com/rackets/head-radical-team?lang=it,2026-01-30
http://racketreviewhub.com/rackets/puma-nova?lang=pt,2026-01-30
http://racketreviewhub.com/rackets/dunlop-dunlop-inferno-elite-ltd-yellow-blue?lang=fr,2026-01-30
http://racketreviewhub.com/rackets/black-crown-black-crown-snake-2022-padel-racket?lang=fr,2026-01-30
http://racketreviewhub.com/rackets/vibor-a-black-mamba-junior-green-sft-2023?lang=it,2026-01-30
http://racketreviewhub.com/rackets/nox-nox-at10-genius-12k-alum-xtrem-by-agustin-tapia-2026?lang=es,2026-01-30
http://racketreviewhub.com/rackets/enebe-enebe-combat-7-1-v-2-2025?lang=es,2026-01-30
http://racketreviewhub.com/rackets/vibor-a-vibor-a-taipan-liquid-edition-2023?lang=es,2026-01-30
http://racketreviewhub.com/rackets/siux-tsunami-avant,2026-01-30
http://racketreviewhub.com/rackets/dunlop-impact-hl-red-623990-ofp-padel-racket?lang=it,2026-01-30
http://racketreviewhub.com/rackets/nox-nox-at10-genius-18k-agustin-tapia-2024,2026-01-30
http://racketreviewhub.com/rackets/nox-nox-ml10-ventus-control-3k-by-miguel-lamperti-2026?lang=it,2026-01-30
http://racketreviewhub.com/blog/top-padel-racket-brands-2025-a-complete-guide-to-major-manufacturers?lang=pt,2026-01-30
http://racketreviewhub.com/rackets/adidas-adidas-rx-series-light-3-4-2025?lang=fr,2026-01-30
http://racketreviewhub.com/brands/blue?lang=es,2026-01-30
http://racketreviewhub.com/rackets/siux-sx7-air,2026-01-30
http://racketreviewhub.com/rackets/bullpadel-bullpadel-hack-03-24-paquito-navarro?lang=it,2026-01-30
http://racketreviewhub.com/rackets/vibor-a-yarara-edition-padel-racket?lang=it,2026-01-30
http://racketreviewhub.com/rackets/black-crown-black-crown-piton-white-soft-2025?lang=it,2026-01-30
http://racketreviewhub.com/rackets/bullpadel-discover-control,2026-01-30
http://racketreviewhub.com/rackets/nox-nox-at-genius-limited-edition-2023?lang=it,2026-01-30
http://racketreviewhub.com/rackets/adidas-adidas-metalbone-ctrl-3-4-2025?lang=pt,2026-01-30
http://racketreviewhub.com/rackets/bullpadel-bullpadel-hack-04-2025-paquito-navarro?lang=fr,2026-01-30
http://racketreviewhub.com/rackets/siux-siux-snake,2026-01-30
http://racketreviewhub.com/rackets/black-crown-black-crown-piton-white-soft-2025?lang=fr,2026-01-30
http://racketreviewhub.com/rackets/wilson-wilson-optix-v1-white-padel-2?lang=es,2026-01-30
http://racketreviewhub.com/rackets/head-radical-team,2026-01-30
http://racketreviewhub.com/rackets/starvie-astrum-pala?lang=it,2026-01-30
http://racketreviewhub.com/rackets/adidas-adidas-cross-it-light-pro-edt-by-martita-ortega,2026-01-30
http://racketreviewhub.com/rackets/black-crown-black-crown-special-magic-2025?lang=fr,2026-01-30
http://racketreviewhub.com/rackets/black-crown-hurricane-pro-2-0-2023?lang=it,2026-01-30
http://racketreviewhub.com/rackets/vibor-a-vibor-a-mamba-pro-black-2025?lang=it,2026-01-30
http://racketreviewhub.com/rackets/bullpadel-vertex-x?lang=it,2026-01-30
http://racketreviewhub.com/rackets/dunlop-dunlop-inferno-elite-lt-g1-hl-blue-and-orange-623723-ofp-padel-racket?lang=es,2026-01-30
http://racketreviewhub.com/rackets/bullpadel-vertex-mexico?lang=it,2026-01-30
http://racketreviewhub.com/rackets/vibor-a-black-mamba-junior-green-sft-2023,2026-01-30
http://racketreviewhub.com/rackets/dunlop-dunlop-inferno-elite-ltd-yellow-blue?lang=pt,2026-01-30
http://racketreviewhub.com/rackets/head-gravity-motion?lang=it,2026-01-30
http://racketreviewhub.com/rackets/siux-evoque-3,2026-01-30
http://racketreviewhub.com/rackets/nox-nox-ml10-ventus-control-3k-by-miguel-lamperti-2026?lang=fr,2026-01-30
http://racketreviewhub.com/rackets/head-pickleball-head-gravity-gravity-tour-lite-2023-200013?lang=fr,2026-01-30
http://racketreviewhub.com/rackets/nox-nox-ml10-pro-cup-rough-surface-edition-by-miguel-lamperti?lang=es,2026-01-30
http://racketreviewhub.com/rackets/vibor-a-black-mamba-lite-3k-2-0-2025,2026-01-30
http://racketreviewhub.com/rackets/black-crown-wolf?lang=es,2026-01-30
http://racketreviewhub.com/rackets/siux-tsunami-revolution?lang=it,2026-01-30
http://racketreviewhub.com/rackets/nox-nox-ml10-pro-cup-silver-by-miguel-lamperti-2025?lang=fr,2026-01-30
http://racketreviewhub.com/rackets/varlion-varlion-lw-carbon-ti-magnolia-2023?lang=es,2026-01-30
http://racketreviewhub.com/rackets/nox-nox-nextgen-pro-attack-3k-2025?lang=it,2026-01-30
http://racketreviewhub.com/rackets/adidas-adidas-metalbone-ctrl-3-2-2023?lang=es,2026-01-30
http://racketreviewhub.com/rackets/vibor-a-vibor-a-titan-12k-red?lang=fr,2026-01-30
http://racketreviewhub.com/rackets/starvie-astrum-pala?lang=es,2026-01-30
http://racketreviewhub.com/rackets/enebe-response-3k?lang=it,2026-01-30
http://racketreviewhub.com/rackets/wilson-bela-junior?lang=it,2026-01-30
http://racketreviewhub.com/rackets/dunlop-dunlop-gravity?lang=fr,2026-01-30
http://racketreviewhub.com/rackets/nox-nox-at-pro-cup-coorp-2024,2026-01-30
http://racketreviewhub.com/rackets/bullpadel-vertex-x?lang=fr,2026-01-30
http://racketreviewhub.com/rackets/black-crown-black-crown-piton-premium-2024?lang=it,2026-01-30
http://racketreviewhub.com/rackets/head-head-speed-motion-2025-ari-s-nchez?lang=fr,2026-01-30
http://racketreviewhub.com/rackets/head-head-extreme-motion-2023-padel-racket?lang=it,2026-01-30
http://racketreviewhub.com/rackets/vibor-a-vibor-a-taipan-liquid-edition-2023?lang=it,2026-01-30
http://racketreviewhub.com/rackets/vibor-a-junior-purple-vibor-a-naya-2023?lang=fr,2026-01-30
http://racketreviewhub.com/rackets/adidas-adidas-adipower-junior-3-4-2025?lang=it,2026-01-30
http://racketreviewhub.com/rackets/starvie-starvie-raptor?lang=it,2026-01-30
http://racketreviewhub.com/rackets/nox-pack-racket-nox-at-genius-18k-alum-buenos-aires-exclusive-edition?lang=es,2026-01-30
http://racketreviewhub.com/rackets/drop-shot-drop-shot-x-drive-2-0-2025?lang=es,2026-01-30
http://racketreviewhub.com/rackets/drop-shot-drop-shot-furia-control-1-0-2025?lang=es,2026-01-30
http://racketreviewhub.com/blog/the-ultimate-guide-to-padel-racket-maintenance-keep-your-racket-performing-like-new-in-2025?lang=es,2026-01-30
http://racketreviewhub.com/rackets/bullpadel-vertex-comfort?lang=es,2026-01-30
http://racketreviewhub.com/rackets/nox-nox-at10-genius-junior-by-agustin-tapia?lang=fr,2026-01-30
http://racketreviewhub.com/rackets/adidas-adidas-cross-it-3-4-2025?lang=it,2026-01-30
http://racketreviewhub.com/rackets/bullpadel-vertex-comfort,2026-01-29
http://racketreviewhub.com/rackets/dunlop-dunlop-nemesis?lang=fr,2026-01-29
http://racketreviewhub.com/rackets/siux-siux-diablo-pro-night-blue-2026?lang=it,2026-01-29
http://racketreviewhub.com/rackets/mystica-mystica-legacy-carbon-hybrid-blue-2024?lang=pt,2026-01-29
http://racketreviewhub.com/rackets/adidas-rx-series-3-4?lang=fr,2026-01-29
http://racketreviewhub.com/rackets/kombat-galeras?lang=fr,2026-01-29
http://racketreviewhub.com/rackets/enebe-enebe-response-24k-enebe-response-24k?lang=fr,2026-01-29
http://racketreviewhub.com/rackets/adidas-adidas-adipower-multiweight-ctrl-3-3?lang=it,2026-01-29
http://racketreviewhub.com/rackets/adidas-metalbone-superlight?lang=fr,2026-01-29
http://racketreviewhub.com/rackets/bullpadel-vertex-03-2022?lang=fr,2026-01-29
http://racketreviewhub.com/rackets/royal-padel-royal-padel-japan-pro-blue?lang=it,2026-01-29
http://racketreviewhub.com/rackets/adidas-drive-3-2-bronze-2023?lang=it,2026-01-29
http://racketreviewhub.com/rackets/siux-diablo-4?lang=es,2026-01-29
http://racketreviewhub.com/rackets/lok-lok-be-flow-pink-gen-2,2026-01-29
http://racketreviewhub.com/rackets/vibor-a-black-mamba-radical-12k-2-0-2025?lang=it,2026-01-29
http://racketreviewhub.com/rackets/adidas-adidas-cross-it-light-pro-edt-by-martita-ortega?lang=es,2026-01-29
http://racketreviewhub.com/rackets/adidas-beach-tennis-adipower-3-1-h14?lang=it,2026-01-29
http://racketreviewhub.com/rackets/bullpadel-xplo-25?lang=es,2026-01-29
http://racketreviewhub.com/rackets/dunlop-dunlop-impact-carbon-pro-ltd-blue,2026-01-29
http://racketreviewhub.com/blog/top-padel-racket-brands-2025-a-complete-guide-to-major-manufacturers?lang=es,2026-01-29
http://racketreviewhub.com/rackets/softee-softee-freezer-carbon-3k-green-sft?lang=it,2026-01-29
http://racketreviewhub.com/rackets/enebe-enebe-astra?lang=it,2026-01-29
http://racketreviewhub.com/rackets/softee-softee-phantom?lang=es,2026-01-29
http://racketreviewhub.com/rackets/head-basic-padel-case-black-white,2026-01-29
http://racketreviewhub.com/guides/seasonal-padel-racket-guide-choosing-the-right-racket-for-different-conditions?lang=pt,2026-01-29
http://racketreviewhub.com/rackets/black-crown-black-crown-piton-epic-energy-2025?lang=it,2026-01-29
http://racketreviewhub.com/rackets/bullpadel-hack-tour-final?lang=es,2026-01-29
http://racketreviewhub.com/rackets/bullpadel-neuron-chingotto?lang=es,2026-01-29
http://racketreviewhub.com/rackets/black-crown-black-crown-piton-13-2025?lang=it,2026-01-29
http://racketreviewhub.com/rackets/adidas-beach-tennis-adipower-3-1-h14?lang=fr,2026-01-29
http://racketreviewhub.com/rackets/kombat-galeras?lang=es,2026-01-29
http://racketreviewhub.com/rackets/head-head-extreme-junior-2023-padel-racket?lang=es,2026-01-29
http://racketreviewhub.com/rackets/adidas-arrow-ctrl?lang=it,2026-01-29
http://racketreviewhub.com/rackets/dunlop-dunlop-titan-2-0-yellow-yellow-blue?lang=fr,2026-01-29
http://racketreviewhub.com/rackets/siux-sx7-air?lang=it,2026-01-29
http://racketreviewhub.com/rackets/enebe-enebe-aerox-7-1-v-2-2025?lang=fr,2026-01-29
http://racketreviewhub.com/rackets/bullpadel-vertex-tour-final?lang=es,2026-01-29
http://racketreviewhub.com/rackets/lok-lok-jungle?lang=es,2026-01-29
http://racketreviewhub.com/rackets/kombat-kombat-krakatoa?lang=fr,2026-01-29
http://racketreviewhub.com/rackets/dunlop-dunlop-duo-titan-green-2-pack?lang=fr,2026-01-29
http://racketreviewhub.com/rackets/adidas-adidas-metalbone-youth-3-3-2024?lang=it,2026-01-29
http://racketreviewhub.com/rackets/enebe-enebe-response-24k-enebe-response-24k?lang=es,2026-01-29
http://racketreviewhub.com/rackets/vibor-a-black-mamba-classic-edition-2022?lang=it,2026-01-29
http://racketreviewhub.com/rackets/bullpadel-vertex-comfort?lang=it,2026-01-29
http://racketreviewhub.com/rackets/adidas-adidas-cross-it-carbon-ctrl-2025?lang=es,2026-01-27
http://racketreviewhub.com/rackets/nox-ml10-pro-cup-silver-2023,2026-01-27
http://racketreviewhub.com/rackets/adidas-adidas-match-light-3-3-2024?lang=es,2026-01-27
http://racketreviewhub.com/rackets/siux-cayman,2026-01-27
http://racketreviewhub.com/rackets/black-crown-black-crown-piton-attack-15k-power-2024?lang=it,2026-01-27
http://racketreviewhub.com/rackets/siux-evoque-3?lang=es,2026-01-27
http://racketreviewhub.com/rackets/siux-ultra-pro?lang=fr,2026-01-27
http://racketreviewhub.com/rackets/drop-shot-canyon-comfort-1-0?lang=fr,2026-01-27
http://racketreviewhub.com/rackets/bullpadel-vertex-mexico,2026-01-27
http://racketreviewhub.com/rackets/siux-duo-pack-siux-diablo-go-3?lang=fr,2026-01-27
http://racketreviewhub.com/rackets/bullpadel-vertex-03-comfort-2022,2026-01-27
http://racketreviewhub.com/rackets/siux-sx7-air?lang=es,2026-01-27
http://racketreviewhub.com/rackets/enebe-enebe-rs-9-1-orange-2024,2026-01-27
http://racketreviewhub.com/rackets/starvie-starvie-polaris?lang=es,2026-01-27
http://racketreviewhub.com/rackets/adidas-adidas-rx-series-lime-3-4-2025?lang=fr,2026-01-27
http://racketreviewhub.com/rackets/siux-beat-hybrid?lang=es,2026-01-27
http://racketreviewhub.com/rackets/head-graphene-xt,2026-01-27
http://racketreviewhub.com/rackets/head-head-concord?lang=es,2026-01-26
http://racketreviewhub.com/rackets/drop-shot-drop-shot-explorer-pro-attack-1-0-2025?lang=fr,2026-01-26
http://racketreviewhub.com/rackets/enebe-enebe-combat-7-1-v-2-2025?lang=it,2026-01-26
http://racketreviewhub.com/rackets/royal-padel-royal-padel-m27-light-2025?lang=fr,2026-01-26
http://racketreviewhub.com/rackets/siux-viking-iv?lang=fr,2026-01-26
http://racketreviewhub.com/rackets/dunlop-dunlop-impact-carbon-pro-ltd-blue?lang=fr,2026-01-26
http://racketreviewhub.com/rackets/vibor-a-vibor-a-black-mamba-radical-12k-2-0-2025?lang=fr,2026-01-26
http://racketreviewhub.com/rackets/dunlop-boost-attack-2022-padel-racket,2026-01-26
http://racketreviewhub.com/rackets/drop-shot-drop-shot-renegade-lite-attack-2025?lang=fr,2026-01-26
http://racketreviewhub.com/rackets/siux-electra-st2?lang=es,2026-01-26
http://racketreviewhub.com/rackets/siux-cayman?lang=fr,2026-01-26
http://racketreviewhub.com/rackets/wilson-wilson-blade-pro-v3-v3-padel?lang=it,2026-01-26
http://racketreviewhub.com/rackets/enebe-enebe-rs-9-1-blue-2024,2026-01-26
http://racketreviewhub.com/rackets/siux-ultra-pro?lang=es,2026-01-26
http://racketreviewhub.com/rackets/vairo-across-pink-2023?lang=fr,2026-01-26
http://racketreviewhub.com/rackets/nox-nox-at10-genius-attack-18k-alum-by-agustin-tapia-2025?lang=it,2026-01-26
http://racketreviewhub.com/rackets/adidas-adidas-metalbone-team-light-3-4-2025?lang=it,2026-01-26
http://racketreviewhub.com/rackets/bullpadel-bullpadel-neuron?lang=fr,2026-01-26
http://racketreviewhub.com/rackets/kombat-kombat-osorno?lang=es,2026-01-26
http://racketreviewhub.com/rackets/royal-padel-royal-padel-m27-poly-2025?lang=it,2026-01-26
http://racketreviewhub.com/rackets/wilson-wilson-blade-pro-v3-v3-padel?lang=es,2026-01-26
http://racketreviewhub.com/rackets/babolat-babolat-technical-vertuo-juan-lebr-n-2025?lang=es,2026-01-26
http://racketreviewhub.com/rackets/siux-fenix-iii-javi-ruiz-pro?lang=it,2026-01-26
http://racketreviewhub.com/rackets/siux-siux-gea?lang=es,2026-01-26
http://racketreviewhub.com/rackets/adidas-match-3-2-2023?lang=es,2026-01-26
http://racketreviewhub.com/rackets/head-head-concord?lang=fr,2026-01-26
http://racketreviewhub.com/rackets/drop-shot-drop-shot-axion-comfort-2025?lang=es,2026-01-26
http://racketreviewhub.com/rackets/starvie-raptor-pro-touch-2025?lang=it,2026-01-26
http://racketreviewhub.com/rackets/bullpadel-kitter-blue?lang=es,2026-01-26
http://racketreviewhub.com/rackets/kombat-vesubio?lang=it,2026-01-26
http://racketreviewhub.com/rackets/bullpadel-discover-control?lang=es,2026-01-26
http://racketreviewhub.com/rackets/adidas-adidas-metalbone-ctrl-3-2-2023?lang=it,2026-01-26
http://racketreviewhub.com/rackets/black-crown-black-crown-piton-12-silver-2024?lang=fr,2026-01-26
http://racketreviewhub.com/rackets/adidas-adidas-metalbone-ctrl-3-3-2024?lang=it,2026-01-26
http://racketreviewhub.com/rackets/drop-shot-drop-shot-canyon-pro-attack-1-5?lang=fr,2026-01-26
http://racketreviewhub.com/rackets/wilson-wilson-bela-lt-v2-5-padel?lang=fr,2026-01-26
http://racketreviewhub.com/rackets/softee-softee-jackal?lang=es,2026-01-26
http://racketreviewhub.com/rackets/vibor-a-vibor-a-titan-12k-red?lang=it,2026-01-26
http://racketreviewhub.com/rackets/black-crown-black-crown-patron-gold-2025?lang=es,2026-01-26
http://racketreviewhub.com/rackets/black-crown-black-crown-win-ultralight-2025?lang=it,2026-01-26
http://racketreviewhub.com/rackets/bullpadel-bullpadel-hack-03-24-paquito-navarro?lang=fr,2026-01-26
http://racketreviewhub.com/rackets/siux-tsunami-avant-lady?lang=es,2026-01-26
http://racketreviewhub.com/rackets/adidas-beach-tennis-adipower-3-1-h14,2026-01-26
http://racketreviewhub.com/rackets/siux-infernal,2026-01-26
http://racketreviewhub.com/rackets/nox-nox-la10-by-leo-augsburger-2024?lang=fr,2026-01-26
http://racketreviewhub.com/rackets/bullpadel-vertex-pala?lang=es,2026-01-26
http://racketreviewhub.com/rackets/bullpadel-hack-tour-final?lang=it,2026-01-26
http://racketreviewhub.com/rackets/vibor-a-vibor-a-black-mamba-radical-12k-3-0?lang=fr,2026-01-26
http://racketreviewhub.com/rackets/enebe-enebe-rs-9-1-orange-2024?lang=it,2026-01-26
http://racketreviewhub.com/rackets/babolat-white-babolat-xcel-gel-grip,2026-01-26
http://racketreviewhub.com/rackets/black-crown-shark?lang=es,2026-01-26
http://racketreviewhub.com/rackets/enebe-enebe-rs-9-1-blue-2024?lang=es,2026-01-26
http://racketreviewhub.com/rackets/royal-padel-royal-padel-whip-hybrid-2025?lang=fr,2026-01-26
http://racketreviewhub.com/rackets/adidas-drive-3-3-vintage?lang=it,2026-01-26
http://racketreviewhub.com/rackets/varlion-varlion-avant-diffusor-carbon-black-2023?lang=it,2026-01-26
http://racketreviewhub.com/rackets/siux-beat-hybrid?lang=it,2026-01-26
http://racketreviewhub.com/rackets/bullpadel-elite-w?lang=it,2026-01-26
http://racketreviewhub.com/rackets/adidas-adidas-drive-grey-3-4-2025?lang=it,2026-01-26
http://racketreviewhub.com/rackets/head-radical-team?lang=es,2026-01-26
http://racketreviewhub.com/rackets/vibor-a-vibor-a-king-cobra-elite-24k-2-0-2025?lang=fr,2026-01-26
http://racketreviewhub.com/rackets/adidas-adidas-cross-it-carbon-blue-by-maxi-arce?lang=es,2026-01-26
http://racketreviewhub.com/rackets/enebe-enebe-rs-9-1-orange-2024?lang=es,2026-01-26
http://racketreviewhub.com/rackets/drop-shot-drop-shot-furia-control-1-0-2025?lang=it,2026-01-26
http://racketreviewhub.com/rackets/nox-nox-vk10-ventus-control-12k-by-aranzazu-osoro-2026?lang=fr,2026-01-26
http://racketreviewhub.com/blog/maximizing-power-with-your-padel-racket-technique-meets-equipment?lang=es,2026-01-26
http://racketreviewhub.com/rackets/drop-shot-drop-shot-explorer-pro-comfort-1-0-2025?lang=es,2026-01-26
http://racketreviewhub.com/rackets/bullpadel-kitter-blue?lang=fr,2026-01-26
http://racketreviewhub.com/rackets/adidas-beach-tennis-adipower-3-1-h24?lang=fr,2026-01-26
http://racketreviewhub.com/rackets/vibor-a-vibor-a-black-mamba-black-mamba-xtreme-3k-2-0-2025?lang=it,2026-01-26
http://racketreviewhub.com/rackets/siux-curve-avant-lady?lang=it,2026-01-26
http://racketreviewhub.com/rackets/dunlop-dunlop-titan-2-0-yellow-yellow-blue?lang=it,2026-01-26
http://racketreviewhub.com/rackets/head-radical-team?lang=fr,2026-01-26
http://racketreviewhub.com/rackets/drop-shot-drop-shot-axion-control-1-0-2025?lang=fr,2026-01-26
http://racketreviewhub.com/rackets/siux-diablo-4?lang=fr,2026-01-26
http://racketreviewhub.com/rackets/head-graphene-xt?lang=it,2026-01-26
http://racketreviewhub.com/rackets/kombat-kombat-teide?lang=it,2026-01-26
http://racketreviewhub.com/rackets/adidas-adipower-3-2?lang=it,2026-01-26
http://racketreviewhub.com/rackets/head-radical-motion?lang=it,2026-01-26
http://racketreviewhub.com/rackets/adidas-adidas-cross-it-3-4-2025?lang=es,2026-01-26
http://racketreviewhub.com/rackets/bullpadel-vertex-pala?lang=fr,2026-01-26
http://racketreviewhub.com/rackets/siux-electra-st2?lang=it,2026-01-26
http://racketreviewhub.com/rackets/siux-ultra-pro?lang=it,2026-01-26
http://racketreviewhub.com/rackets/kombat-kombat-teide?lang=es,2026-01-26
http://racketreviewhub.com/rackets/adidas-arrow-attk?lang=es,2026-01-26
http://racketreviewhub.com/rackets/vibor-a-mortal-fiber?lang=it,2026-01-26
http://racketreviewhub.com/rackets/drop-shot-drop-shot-renegade-lite-control-2025?lang=es,2026-01-26
http://racketreviewhub.com/rackets/siux-evoque-3?lang=fr,2026-01-26
http://racketreviewhub.com/rackets/siux-siux-gea?lang=it,2026-01-26
http://racketreviewhub.com/brands/red?lang=es,2026-01-26
http://racketreviewhub.com/rackets/lok-lok-be-flow-yellow-gen-2?lang=it,2026-01-25
http://racketreviewhub.com/rackets/nox-nox-at10-genius-18k-gloss-by-agustin-tapia-ex?lang=fr,2026-01-25
http://racketreviewhub.com/rackets/head-radical-motion?lang=es,2026-01-25
http://racketreviewhub.com/rackets/siux-cayman?lang=es,2026-01-25
http://racketreviewhub.com/rackets/black-crown-black-crown-hurricane-3-0-women-s?lang=es,2026-01-25
http://racketreviewhub.com/rackets/adidas-adidas-metalbone-ctrl-3-4-2025?lang=it,2026-01-25
http://racketreviewhub.com/rackets/babolat-babolat-technical-vertuo-juan-lebr-n-2025?lang=it,2026-01-25
http://racketreviewhub.com/rackets/head-head-extreme-motion-2023-padel-racket?lang=fr,2026-01-25
http://racketreviewhub.com/rackets/vibor-a-vibor-a-mamba-pro-black-2025?lang=fr,2026-01-25
http://racketreviewhub.com/rackets/vibor-a-vibora-a-yarara-elite-24k-2-0-2025,2026-01-25
http://racketreviewhub.com/rackets/vibor-a-vibor-a-king-cobra-elite-24k-2-0-2025,2026-01-25
http://racketreviewhub.com/rackets/black-crown-shark,2026-01-25
http://racketreviewhub.com/guides/padel-racket-buying-mistakes-to-avoid-learn-from-common-errors?lang=es,2026-01-25
http://racketreviewhub.com/rackets/bullpadel-bullpadel-neuron?lang=es,2026-01-25
http://racketreviewhub.com/rackets/starvie-starvie-nyra?lang=it,2026-01-25
http://racketreviewhub.com/rackets/siux-duo-pack-siux-diablo-go-3?lang=it,2026-01-25
http://racketreviewhub.com/rackets/black-crown-black-crown-special-magic-2025?lang=es,2026-01-25
http://racketreviewhub.com/rackets/babolat-viper-soft-3-0?lang=es,2026-01-25
http://racketreviewhub.com/rackets/black-crown-hurricane-pro-2-0-2023,2026-01-25
http://racketreviewhub.com/rackets/siux-tsunami-revolution?lang=es,2026-01-25
http://racketreviewhub.com/rackets/siux-viking-iv?lang=it,2026-01-25
http://racketreviewhub.com/rackets/head-gravity-motion?lang=fr,2026-01-25
http://racketreviewhub.com/rackets/vibor-a-vibora-a-yarara-pro-white-2025,2026-01-25
http://racketreviewhub.com/rackets/dunlop-dunlop-gravity?lang=it,2026-01-25
http://racketreviewhub.com/rackets/nox-nox-at10-genius-18k-by-agust-n-tapia-23?lang=es,2026-01-25
http://racketreviewhub.com/rackets/siux-siux-diablo-pro-royal-blue-2026?lang=fr,2026-01-25
http://racketreviewhub.com/rackets/head-gravity-motion,2026-01-25
http://racketreviewhub.com/rackets/siux-electra-st2,2026-01-25
http://racketreviewhub.com/rackets/nox-ml10-pro-cup-silver-2023?lang=es,2026-01-25
http://racketreviewhub.com/rackets/enebe-enebe-rs-9-1-blue-2024?lang=it,2026-01-25
http://racketreviewhub.com/rackets/head-speed-x?lang=it,2026-01-25
http://racketreviewhub.com/rackets/black-crown-hurricane-pro-2-0-2023?lang=es,2026-01-25
http://racketreviewhub.com/rackets/adidas-drive-3-3-vintage?lang=es,2026-01-25
http://racketreviewhub.com/rackets/bullpadel-xplo-25,2026-01-25
http://racketreviewhub.com/rackets/nox-ml10-coorp?lang=es,2026-01-25
http://racketreviewhub.com/rackets/bullpadel-vertex-pala,2026-01-25
http://racketreviewhub.com/rackets/drop-shot-drop-shot-renegade-lite-control-2025?lang=it,2026-01-25
http://racketreviewhub.com/rackets/vibor-a-yarara-classic-edition?lang=it,2026-01-25
http://racketreviewhub.com/rackets/adidas-adidas-cross-it-team-light-2025?lang=es,2026-01-25
http://racketreviewhub.com/rackets/bullpadel-kitter-blue,2026-01-25
http://racketreviewhub.com/rackets/kombat-kombat-vesubio?lang=fr,2026-01-25
http://racketreviewhub.com/rackets/siux-siux-black-carbon-revolution-2-red?lang=fr,2026-01-25
http://racketreviewhub.com/rackets/enebe-response-3k?lang=fr,2026-01-25
http://racketreviewhub.com/rackets/vibor-a-black-mamba-junior-green-sft-2023?lang=es,2026-01-25
http://racketreviewhub.com/rackets/varlion-varlion-lw-carbon-ti-magnolia-2023?lang=fr,2026-01-25
http://racketreviewhub.com/rackets/vibor-a-black-mamba-classic-edition-2022?lang=fr,2026-01-25
http://racketreviewhub.com/rackets/dunlop-dunlop-impact-carbon-pro-ltd-yellow?lang=fr,2026-01-25
http://racketreviewhub.com/rackets/adidas-adidas-metalbone-team-light-3-4-2025?lang=es,2026-01-25
http://racketreviewhub.com/rackets/dunlop-dunlop-duo-titan-orange-2-pack?lang=it,2026-01-25
http://racketreviewhub.com/rackets/adidas-adidas-metalbone-carbon-ctrl-3-3-2024?lang=it,2026-01-25
http://racketreviewhub.com/rackets/nox-ml10-coorp?lang=fr,2026-01-25
http://racketreviewhub.com/rackets/head-gravity-motion?lang=es,2026-01-25
http://racketreviewhub.com/rackets/wilson-bela-junior?lang=fr,2026-01-25
http://racketreviewhub.com/rackets/kombat-kombat-krakatoa?lang=es,2026-01-25
http://racketreviewhub.com/rackets/kombat-galeras?lang=pt,2026-01-25
http://racketreviewhub.com/rackets/siux-electra-st2?lang=fr,2026-01-25
http://racketreviewhub.com/rackets/vibor-a-vibor-a-yarara-pro-white-2-0?lang=fr,2026-01-25
http://racketreviewhub.com/brands/kswiss?lang=es,2026-01-25
http://racketreviewhub.com/rackets/nox-nox-ml10-pro-cup-coorp-by-miguel-lamperti?lang=it,2026-01-25
http://racketreviewhub.com/rackets/nox-nox-at10-genius-ultralight-by-agustin-tapia?lang=es,2026-01-25
http://racketreviewhub.com/rackets/siux-tsunami-avant?lang=es,2026-01-25
http://racketreviewhub.com/rackets/adidas-drive-blue?lang=es,2026-01-25
http://racketreviewhub.com/rackets/mystica-mystica-legacy-carbon-hybrid-blue-2024,2026-01-25
http://racketreviewhub.com/rackets/head-head-extreme-motion-2023-padel-racket?lang=es,2026-01-25
http://racketreviewhub.com/rackets/royal-padel-royal-padel-35-aniversario-hybrid-2025?lang=pt,2026-01-25
http://racketreviewhub.com/rackets/adidas-adidas-cross-it-team-light-2025?lang=it,2026-01-25
http://racketreviewhub.com/rackets/black-crown-black-crown-piton-white-2025?lang=fr,2026-01-25
http://racketreviewhub.com/rackets/head-head-concord?lang=it,2026-01-25
http://racketreviewhub.com/rackets/wilson-bela-junior,2026-01-25
http://racketreviewhub.com/rackets/adidas-match-light-3-2?lang=fr,2026-01-25
http://racketreviewhub.com/rackets/bullpadel-icon-cloud-juan-mart-n-d-az?lang=fr,2026-01-25
http://racketreviewhub.com/rackets/dunlop-dunlop-impact-hl-red-623990-ofp-padel-racket?lang=fr,2026-01-25
http://racketreviewhub.com/rackets/nox-nox-at10-genius-12k-by-agustin-tapia-23?lang=it,2026-01-25
http://racketreviewhub.com/rackets/enebe-enebe-rs-9-1-orange-2024?lang=pt,2026-01-25
http://racketreviewhub.com/brands/adidas?lang=fr,2026-01-25
http://racketreviewhub.com/rackets/drop-shot-drop-shot-quantum-1-0-2024?lang=es,2026-01-25
http://racketreviewhub.com/rackets/nox-nox-at10-pro-cup-hard-by-agustin-tapia-2025?lang=fr,2026-01-25
http://racketreviewhub.com/rackets/nox-at10-genius-attack-12k-alum-xtreme?lang=it,2026-01-25
http://racketreviewhub.com/rackets/bullpadel-vertex-x?lang=es,2026-01-25
http://racketreviewhub.com/rackets/drop-shot-drop-shot-explorer-pro-attack-1-5?lang=pt,2026-01-25
http://racketreviewhub.com/rackets/bullpadel-vertex-pala?lang=it,2026-01-25
http://racketreviewhub.com/rackets/dunlop-dunlop-impact-hl-red-623990-ofp-padel-racket?lang=it,2026-01-25
http://racketreviewhub.com/rackets/vibor-a-yarara-radical-12k-2-0-2025?lang=es,2026-01-25
http://racketreviewhub.com/rackets/vibor-a-black-mamba-radical-12k-2-0-2025?lang=es,2026-01-25
http://racketreviewhub.com/rackets/bullpadel-vertex-comfort?lang=fr,2026-01-25
http://racketreviewhub.com/rackets/babolat-babolat-technical-vertuo-juan-lebr-n-2025?lang=fr,2026-01-25
http://racketreviewhub.com/rackets/siux-diablo-4,2026-01-25
http://racketreviewhub.com/rackets/nox-nox-at10-genius-12k-alum-xtrem-lite-by-agust-n-tapia-2026?lang=fr,2026-01-25
http://racketreviewhub.com/rackets/nox-nox-at10-genius-attack-18k-alum-by-agust-n-tapia-2026?lang=it,2026-01-25
http://racketreviewhub.com/rackets/vibor-a-vibor-a-yarara-pro-white-2-0?lang=it,2026-01-25
http://racketreviewhub.com/rackets/siux-viking-iv?lang=es,2026-01-25
http://racketreviewhub.com/rackets/enebe-enebe-rs-9-1-orange-2024?lang=fr,2026-01-25
http://racketreviewhub.com/rackets/siux-beat-hybrid?lang=fr,2026-01-25
http://racketreviewhub.com/rackets/adidas-adidas-drive-grey-3-4-2025?lang=es,2026-01-25
http://racketreviewhub.com/rackets/siux-siux-spyder-lite-ctrl-3-hard?lang=fr,2026-01-25
http://racketreviewhub.com/rackets/drop-shot-drop-shot-explorer-pro-control-1-0-2025?lang=it,2026-01-25
http://racketreviewhub.com/rackets/black-crown-black-crown-hurricane-3-0-women-s?lang=it,2026-01-25
http://racketreviewhub.com/rackets/bullpadel-hack-comfort?lang=it,2026-01-25
http://racketreviewhub.com/rackets/siux-infernal?lang=it,2026-01-25
http://racketreviewhub.com/rackets/dunlop-dunlop-titan-2-0-yellow-yellow-blue?lang=es,2026-01-25
http://racketreviewhub.com/rackets/vibor-a-vibor-a-king-cobra-technic?lang=es,2026-01-25
http://racketreviewhub.com/rackets/adidas-adidas-metalbone-ctrl-3-3-2024?lang=es,2026-01-25
http://racketreviewhub.com/rackets/adidas-adidas-adipower-junior-3-4-2025,2026-01-25
http://racketreviewhub.com/rackets/vibor-a-black-mamba-classic-edition-2022,2026-01-25
http://racketreviewhub.com/rackets/nox-nox-vk10-by-aranzazu-osoro-2024?lang=fr,2026-01-25
http://racketreviewhub.com/rackets/bullpadel-bullpadel-vertex-03-cmf-xseries-494314-smu?lang=es,2026-01-25
http://racketreviewhub.com/rackets/drop-shot-drop-shot-x-drive-2-0-2025?lang=it,2026-01-25
http://racketreviewhub.com/rackets/black-crown-black-crown-special-invictus-2025?lang=es,2026-01-25
http://racketreviewhub.com/rackets/adidas-adidas-cross-it-carbon-blue-by-maxi-arce?lang=it,2026-01-25
http://racketreviewhub.com/rackets/vibor-a-vibor-a-titan-black-light?lang=it,2026-01-25
http://racketreviewhub.com/rackets/enebe-enebe-response-24k-enebe-response-24k?lang=it,2026-01-25
http://racketreviewhub.com/rackets/vibor-a-junior-purple-vibor-a-naya-2023?lang=es,2026-01-25
http://racketreviewhub.com/rackets/kombat-kombat-vesubio?lang=es,2026-01-25
http://racketreviewhub.com/rackets/vibor-a-yarara-radical-12k-2-0-2025,2026-01-24
http://racketreviewhub.com/rackets/vibor-a-vibor-a-black-mamba-lite-3k-2-0-2025,2026-01-24
http://racketreviewhub.com/rackets/wilson-wilson-accent-lt-padel-2-blue?lang=it,2026-01-24
http://racketreviewhub.com/rackets/siux-siux-diablo-pro-royal-blue-2026?lang=es,2026-01-21
http://racketreviewhub.com/rackets/siux-tsunami-avant-lady?lang=fr,2026-01-20
http://racketreviewhub.com/rackets/lok-lok-be-flow-yellow-gen-2?lang=fr,2026-01-20
http://racketreviewhub.com/rackets/starvie-starvie-raptor?lang=fr,2026-01-20
http://racketreviewhub.com/rackets/dunlop-dunlop-impact-carbon-pro-ltd-blue?lang=it,2026-01-20
http://racketreviewhub.com/rackets/black-crown-black-crown-piton-11-soft-2023?lang=fr,2026-01-20
http://racketreviewhub.com/rackets/adidas-adidas-rx-series-lime-3-4-2025?lang=it,2026-01-20
http://racketreviewhub.com/rackets/adidas-adidas-metalbone-carbon-ctrl-3-4-2025?lang=es,2026-01-20
http://racketreviewhub.com/rackets/bullpadel-bullpadel-hack-hybrid-04-25-miami?lang=es,2026-01-20
http://racketreviewhub.com/rackets/adidas-adidas-metalbone-ctrl-3-2-2023?lang=fr,2026-01-19
http://racketreviewhub.com/rackets/vibor-a-king-cobra-elite-24k-2-0-2025?lang=it,2026-01-19
http://racketreviewhub.com/rackets/prince-prince-falcon?lang=fr,2026-01-19
http://racketreviewhub.com/rackets/head-pickleball-head-gravity-gravity-tour-lite-2023-200013?lang=pt,2026-01-19
http://racketreviewhub.com/rackets/vibor-a-yarara-classic-edition?lang=fr,2026-01-19
http://racketreviewhub.com/rackets/vibor-a-vibor-a-yarara-pro-white-2-0?lang=es,2026-01-19
http://racketreviewhub.com/brands/red?lang=it,2026-01-19
http://racketreviewhub.com/rackets/wilson-defy-v1-padel-2?lang=pt,2026-01-19
http://racketreviewhub.com/rackets/nox-at10-genius-jr?lang=it,2026-01-19
http://racketreviewhub.com/rackets/head-radical-motion?lang=fr,2026-01-19
http://racketreviewhub.com/rackets/wilson-blade-elite-v2-padel-2,2026-01-19
http://racketreviewhub.com/rackets/head-head-speed-motion-2025-ari-s-nchez?lang=es,2026-01-19
http://racketreviewhub.com/rackets/siux-tsunami-revolution,2026-01-19
http://racketreviewhub.com/rackets/siux-ultra-pro,2026-01-18
http://racketreviewhub.com/brands/red?lang=pt,2026-01-18
http://racketreviewhub.com/rackets/babolat-counter-veron-2-5,2026-01-18
http://racketreviewhub.com/rackets/starvie-triton-power-pala?lang=es,2026-01-18
http://racketreviewhub.com/rackets/siux-valikiria-go?lang=fr,2026-01-17
http://racketreviewhub.com/rackets/nox-pack-at-genius-limited-edition-2025?lang=fr,2026-01-17
http://racketreviewhub.com/rackets/babolat-technical-veron-2-5?lang=es,2026-01-17
http://racketreviewhub.com/rackets/bullpadel-wonder-claudia-fernandez,2026-01-17
http://racketreviewhub.com/rackets/nox-pack-racket-nox-at-genius-18k-alum-buenos-aires-exclusive-edition?lang=it,2026-01-17
http://racketreviewhub.com/rackets/adidas-drive-3-3-blue?lang=pt,2026-01-17
http://racketreviewhub.com/rackets/nox-at10-hard?lang=fr,2026-01-17
http://racketreviewhub.com/rackets/nox-quantum-carbon-12k,2026-01-16
http://racketreviewhub.com/rackets/adidas-metalbone-3-3-galan?lang=fr,2026-01-16
http://racketreviewhub.com/brands/red?lang=fr,2026-01-16
http://racketreviewhub.com/rackets/starvie-black-titan-pala?lang=it,2026-01-16
http://racketreviewhub.com/rackets/babolat-counter-veron-2-5?lang=es,2026-01-16
http://racketreviewhub.com/rackets/starvie-brava-soft-mate?lang=it,2026-01-16
http://racketreviewhub.com/rackets/nox-at10-genius-attack-12k-alum-xtreme,2026-01-16
http://racketreviewhub.com/rackets/nox-future-hybrid-12k-alum-series,2026-01-16
http://racketreviewhub.com/rackets/nox-nextgen-hybrid-3k-series?lang=fr,2026-01-16
http://racketreviewhub.com/rackets/siux-fenix-elite-5-pala?lang=es,2026-01-15
http://racketreviewhub.com/rackets/black-crown-wolf?lang=it,2026-01-15
http://racketreviewhub.com/rackets/vibor-a-yarara-radical-12k-2-0-2025?lang=it,2026-01-15
http://racketreviewhub.com/rackets/siux-trilogy-5,2026-01-15
http://racketreviewhub.com/rackets/nox-quantum-cobalt-12k?lang=pt,2026-01-15
http://racketreviewhub.com/blog/the-ultimate-guide-to-padel-racket-maintenance-keep-your-racket-performing-like-new-in-2025?lang=fr,2026-01-15
http://racketreviewhub.com/rackets/royal-padel-whip-polietileno?lang=it,2026-01-15
http://racketreviewhub.com/rackets/drop-shot-drop-shot-axion-attack-1-0-2025?lang=es,2026-01-15
http://racketreviewhub.com/rackets/babolat-counter-viper-2-5?lang=fr,2026-01-15
http://racketreviewhub.com/rackets/starvie-kenta-eternal-ultra-speed-soft?lang=fr,2026-01-15
http://racketreviewhub.com/rackets/adidas-adidas-cross-it-team-2025?lang=fr,2026-01-15
http://racketreviewhub.com/rackets/nox-future-control-12k-alum-series?lang=pt,2026-01-15
http://racketreviewhub.com/rackets/tecnifibre-white-and-black-tecnifiber-wall-master-365-padel-racket?lang=pt,2026-01-14
http://racketreviewhub.com/rackets/adidas-adidas-cross-it-carbon-ctrl-2025?lang=fr,2026-01-14
http://racketreviewhub.com/rackets/adidas-cross-it-team-ctrl?lang=fr,2026-01-14
http://racketreviewhub.com/rackets/adidas-arrow-ctrl,2026-01-14
http://racketreviewhub.com/rackets/nox-at10-soft?lang=pt,2026-01-14
http://racketreviewhub.com/rackets/enebe-response-3k?lang=pt,2026-01-14
http://racketreviewhub.com/rackets/siux-electra-st4?lang=fr,2026-01-14
http://racketreviewhub.com/rackets/nox-ea10-ventus-hybrid-12k-xtreme,2026-01-14
http://racketreviewhub.com/rackets/nox-at10-genius-attack-12k-alum-xtreme?lang=fr,2026-01-13
http://racketreviewhub.com/rackets/adidas-cross-it-team-ctrl?lang=pt,2026-01-13
http://racketreviewhub.com/rackets/starvie-triton-balance-pala?lang=pt,2026-01-13
http://racketreviewhub.com/rackets/drop-shot-axion-attack-sanz?lang=pt,2026-01-13
http://racketreviewhub.com/brands/blue?lang=pt,2026-01-13
http://racketreviewhub.com/brands/kswiss?lang=it,2026-01-13
http://racketreviewhub.com/rackets/starvie-brava-mate?lang=it,2026-01-13
http://racketreviewhub.com/rackets/bullpadel-pack-bullpadel-vertex-04-comfort?lang=fr,2026-01-13
http://racketreviewhub.com/rackets/starvie-triton-balance-pala,2026-01-13
http://racketreviewhub.com/rackets/nox-nextgen-hybrid-3k-series?lang=pt,2026-01-13
http://racketreviewhub.com/rackets/nox-ml10-rough-surface-edition?lang=fr,2026-01-13
http://racketreviewhub.com/rackets/bullpadel-vertex-mexico?lang=pt,2026-01-13
http://racketreviewhub.com/rackets/bullpadel-pack-bullpadel-vertex-04-woman?lang=pt,2026-01-13
http://racketreviewhub.com/rackets/starvie-black-titan-pala?lang=fr,2026-01-13
http://racketreviewhub.com/rackets/nox-nextgen-attack-3k-series?lang=it,2026-01-13
http://racketreviewhub.com/rackets/bullpadel-xplo-25?lang=it,2026-01-13
http://racketreviewhub.com/rackets/starvie-drax-pala,2026-01-13
http://racketreviewhub.com/rackets/bullpadel-flow-legend-alejandra-salazar?lang=pt,2026-01-13
http://racketreviewhub.com/rackets/nox-ml10-rough-surface-edition?lang=pt,2026-01-13
http://racketreviewhub.com/rackets/adidas-pickleball-match-3,2026-01-13
http://racketreviewhub.com/rackets/adidas-arrow-white-pink?lang=it,2026-01-13
http://racketreviewhub.com/rackets/nox-ml10-coorp?lang=it,2026-01-13
http://racketreviewhub.com/rackets/lok-carbon-flow-2?lang=it,2026-01-13
http://racketreviewhub.com/rackets/adidas-metalbone-ale-galan?lang=fr,2026-01-13
http://www.racketreviewhub.com/,2026-01-12
https://www.racketreviewhub.com/,2026-01-12
http://racketreviewhub.com/guides/padel-racket-buying-mistakes-to-avoid-learn-from-common-errors?lang=pt,2026-01-11
http://racketreviewhub.com/rackets/royal-padel-m27-fury?lang=pt,2026-01-11
http://racketreviewhub.com/rackets/mystica-pink-mystica-icaro-padel-racket,2026-01-10
http://racketreviewhub.com/rackets/kombat-galeras,2026-01-10
http://racketreviewhub.com/rackets/babolat-counter-viper-2-5,2026-01-09
http://racketreviewhub.com/rackets/nox-nox-ml10-limited-edition-2023?lang=fr,2026-01-07
http://racketreviewhub.com/rackets/babolat-babolat-technical-vertuo-2025?lang=es,2026-01-05
http://racketreviewhub.com/rackets/adidas-adidas-cross-it-carbon-ctrl-2025?lang=it,2026-01-03
http://racketreviewhub.com/rackets/siux-siux-liberty-control?lang=it,2026-01-03
http://racketreviewhub.com/rackets/head-graphene-xt?lang=fr,2026-01-03
http://racketreviewhub.com/rackets/adidas-adidas-adipower-multiweight-3-3?lang=it,2026-01-02
http://racketreviewhub.com/rackets/bullpadel-bullpadel-black-dragon-4-0?lang=es,2026-01-02
http://racketreviewhub.com/blog/maximizing-power-with-your-padel-racket-technique-meets-equipment?lang=pt,2025-12-25
http://racketreviewhub.com/rackets/adidas-adidas-adipower-10-anniversary-ar1ab3u10?lang=fr,2025-12-25
http://racketreviewhub.com/rackets/varlion-varlion-maxima-summun-prisma-s?lang=fr,2025-12-25
http://racketreviewhub.com/rackets/dunlop-dunlop-impact-carbon-pro-ltd-woman?lang=fr,2025-12-25
http://racketreviewhub.com/rackets/adidas-adidas-cross-it-light-pro-edt-by-martita-ortega?lang=fr,2025-12-25
http://racketreviewhub.com/rackets/dunlop-dunlop-impact-pro-hl-green-623914-ofp-padel-racket?lang=fr,2025-12-24
http://racketreviewhub.com/rackets/adidas-adidas-metalbone-youth-3-3-2024?lang=fr,2025-12-24
http://racketreviewhub.com/rackets/adidas-adidas-adipower-junior-3-4-2025?lang=fr,2025-12-24
http://racketreviewhub.com/rackets/bullpadel-bullpadel-neuron-cloud-2025?lang=fr,2025-12-24
http://racketreviewhub.com/rackets/vibor-a-vibor-a-titan-3k-black?lang=fr,2025-12-24
http://racketreviewhub.com/rackets/vibor-a-vibor-a-black-mamba-lite-3k-2-0-2025?lang=es,2025-12-24
http://racketreviewhub.com/rackets/adidas-adidas-adipower-multiweight-ctrl-3-4-2025?lang=fr,2025-12-24
http://racketreviewhub.com/rackets/vibor-a-king-cobra-elite-24k-2-0-2025?lang=es,2025-12-22
http://racketreviewhub.com/rackets/siux-trilogy-5?lang=es,2025-12-14
http://racketreviewhub.com/rackets/siux-trilogy-5?lang=it,2025-12-13
http://racketreviewhub.com/rackets/nox-ml10-quantum-3k,2025-12-13
http://racketreviewhub.com/rackets/nox-future-hybrid-12k-alum-series?lang=pt,2025-12-13
http://racketreviewhub.com/rackets/babolat-veron-3-0?lang=fr,2025-12-12
http://racketreviewhub.com/rackets/starvie-drax-pala?lang=it,2025-12-12
http://racketreviewhub.com/rackets/nox-ml10-rough-surface-edition,2025-12-11
http://racketreviewhub.com/rackets/bullpadel-vertex-04-juan-tello?lang=es,2025-12-10
http://racketreviewhub.com/rackets/nox-quantum-cobalt-12k?lang=fr,2025-12-10
http://racketreviewhub.com/rackets/adidas-arrow-hit-carbon-ctrl?lang=fr,2025-12-10
http://racketreviewhub.com/brands/kswiss?lang=pt,2025-12-10
http://racketreviewhub.com/rackets/adidas-pickleball-match-3?lang=es,2025-12-10
http://racketreviewhub.com/rackets/adidas-beach-tennis-adipower-3-1-h24?lang=es,2025-12-10
http://racketreviewhub.com/rackets/mystica-red-mystica-icaro-padel-racket?lang=es,2025-12-10
http://racketreviewhub.com/rackets/enebe-enebe-astra?lang=fr,2025-12-10
http://racketreviewhub.com/rackets/adidas-arrow-hit-carbon-ctrl?lang=es,2025-12-10
http://racketreviewhub.com/rackets/bullpadel-vertex-05-geo-pablo-cardona?lang=es,2025-12-10
http://racketreviewhub.com/rackets/nox-ea10-ventus-hybrid-12k-xtreme?lang=es,2025-12-10
http://racketreviewhub.com/rackets/siux-siux-snake?lang=fr,2025-12-10
http://racketreviewhub.com/rackets/adidas-metalbone-3-4-galan,2025-12-10
http://racketreviewhub.com/rackets/lok-lok-jungle?lang=fr,2025-12-10
http://racketreviewhub.com/rackets/siux-siux-snake?lang=es,2025-12-10
http://racketreviewhub.com/rackets/babolat-veron-3-0?lang=it,2025-12-10
http://racketreviewhub.com/rackets/babolat-viper-3-0?lang=it,2025-12-10
http://racketreviewhub.com/rackets/vibor-a-vibor-a-black-mamba-lite-3k-2-0-2025?lang=fr,2025-12-10
http://racketreviewhub.com/rackets/siux-siux-fusion-iii-padel-racket?lang=fr,2025-12-10
http://racketreviewhub.com/rackets/drop-shot-drop-shot-renegade-lite-control-2025?lang=fr,2025-12-10
http://racketreviewhub.com/rackets/nox-nox-x-one-silhouette-2025?lang=fr,2025-12-10
http://racketreviewhub.com/rackets/siux-trilogy-5?lang=fr,2025-12-10
http://racketreviewhub.com/rackets/nox-at10-hard?lang=es,2025-12-10
http://racketreviewhub.com/rackets/nox-nox-ml10-pro-cup-coorp-by-miguel-lamperti?lang=fr,2025-12-10
http://racketreviewhub.com/rackets/legend-legend-invictus-lw?lang=fr,2025-12-10
http://racketreviewhub.com/rackets/dunlop-dunlop-nemesis-control?lang=fr,2025-12-10
http://racketreviewhub.com/rackets/starvie-starvie-polaris?lang=fr,2025-12-10
http://racketreviewhub.com/rackets/dunlop-dunlop-aero-star-lite?lang=fr,2025-12-10